Timestamp,Subject,Action_Plan,Anomalies_Found
2025-12-02 11:55:12,"Revenue Anomaly Mitigation Plan: Addressing Marketing Spend, Supply Chain, and Market Trends","The analysis reveals a consistent trend of revenue deviations driven by fluctuations in Marketing Spend (M_Spend), Supply Chain Efficiency (Supply_Chain_E), and Market Trends (Market_T). The following action plan addresses each driver to stabilize and improve revenue performance.

**I. Marketing Spend (M_Spend) Optimization:**

*   **Investigate M_Spend ROI:** Immediately conduct a thorough Return on Investment (ROI) analysis of all marketing campaigns. This includes examining the performance of each channel, campaign creative, and target audience segment. *WHY:* This identifies underperforming areas where spend can be reduced or reallocated.
*   **A/B Test Marketing Strategies:** Implement rigorous A/B testing of different marketing approaches. This includes testing different ad creatives, messaging, target audiences, and campaign timings. *WHY:* A/B testing helps optimize marketing efforts for maximum impact, ensuring efficient spending.
*   **Develop Flexible Budget Allocation:** Create a system allowing for rapid budget reallocation based on real-time campaign performance. This enables shifting resources from underperforming campaigns to those with higher ROI. *WHY:* Adaptability in budget allocation ensures that marketing resources are focused on the most effective strategies at any given time.
*   **Improve Marketing Attribution Modeling:** Implement or refine a multi-touch attribution model to accurately assess the impact of each marketing touchpoint on revenue. *WHY:* Accurate attribution enables precise measurement of marketing effectiveness and informs budget allocation decisions.

**II. Supply Chain Efficiency (Supply_Chain_E) Enhancement:**

*   **Analyze Supply Chain Bottlenecks:** Conduct a comprehensive review of the supply chain to identify bottlenecks and inefficiencies causing fluctuations in Supply_Chain_E. *WHY:* Pinpointing specific problems allows for targeted solutions.
*   **Diversify Supply Sources:** Explore and establish alternative supply sources to mitigate risks associated with single suppliers. This reduces vulnerability to disruptions and improves price negotiation power. *WHY:* Diversification minimizes the impact of disruptions from any single source and promotes competition.
*   **Implement Enhanced Inventory Management:** Optimize inventory levels using predictive analytics to anticipate demand fluctuations. This reduces carrying costs and minimizes the risk of stockouts. *WHY:* Precise inventory management ensures product availability while minimizing holding costs.
*   **Negotiate with Suppliers:** Review and renegotiate contracts with key suppliers to secure more favorable terms and improve cost efficiency. *WHY:* Cost optimization directly contributes to improved Supply_Chain_E and profitability.

**III. Market Trend (Market_T) Adaptation:**

*   **Continuous Market Monitoring:** Establish a system for continuous monitoring of market trends, competitor activities, and customer preferences. *WHY:* Staying informed about market dynamics enables proactive adaptation and strategy refinement.
*   **Enhance Customer Feedback Mechanisms:** Implement robust mechanisms for collecting and analyzing customer feedback, including surveys, social media monitoring, and customer service interactions. *WHY:* Direct customer input provides valuable insights for product development, marketing messaging, and customer service improvements.
*   **Product/Service Innovation:** Invest in research and development to introduce new products and services that align with evolving market demands and customer needs. *WHY:* Innovation ensures the company remains competitive and relevant in the marketplace.
*   **Dynamic Pricing Strategy:** Implement a dynamic pricing strategy that adjusts prices based on market demand, competitor pricing, and inventory levels. *WHY:* Flexible pricing optimizes revenue by responding to real-time market conditions.

**IV. Monitoring and Review:**

*   **Establish Key Performance Indicators (KPIs):** Define clear KPIs for each area (Marketing Spend, Supply Chain, Market Trends) to track progress and measure the effectiveness of the implemented actions. *WHY:* Quantifiable metrics allow for objective performance evaluation.
*   **Regular Performance Reviews:** Conduct regular (e.g., weekly, monthly) reviews of the KPIs to identify areas requiring further attention or adjustment. *WHY:* Continuous monitoring and evaluation ensure that the action plan remains effective and aligned with business goals.
*   **Adaptive Strategy Refinement:** Be prepared to adapt the strategy based on the results of the monitoring and review process. The market is dynamic, and the plan should be flexible enough to respond to changing conditions. *WHY:* Adaptability ensures long-term success in a constantly evolving business environment.",14
